,observation_date,percent_manufacturing,real_wages_manufacturing,real_wages_all,gini,cpi
0,1964-01-01,0.21719000497539942,7.692307692307692,8.080155138978668,37.4,2.38
1,1964-02-01,0.21658434572045732,7.699773536072469,8.087997411840828,37.4,2.38
2,1964-03-01,0.21688006271230728,7.692307692307692,8.112475759534583,37.4,2.38
3,1964-04-01,0.21542429784098044,7.754442649434572,8.1421647819063,37.4,2.4
4,1964-05-01,0.21543701887049527,7.74693350548741,8.134280180761781,37.4,2.4
5,1964-06-01,0.21687753313615948,7.771686552724928,8.158658497258948,37.4,2.41
6,1964-07-01,0.21760927034393962,7.769181173436493,8.188265635074146,37.4,2.41
7,1964-08-01,0.21811318690336168,7.793880837359097,8.21256038647343,37.4,2.42
8,1964-09-01,0.21930686314640468,7.850707850707852,8.236808236808239,37.4,2.44
9,1964-10-01,0.21581546352376274,7.712082262210797,8.19408740359897,37.4,2.4
10,1964-11-01,0.21963267199738012,7.7539250240307585,8.202499198974687,37.4,2.42
11,1964-12-01,0.22018648335942284,7.808,8.256,37.4,2.44
12,1965-01-01,0.22081311421930433,7.832480818414322,8.248081841432226,36.8,2.45
13,1965-02-01,0.22057489472900335,7.864450127877237,8.28005115089514,36.8,2.46
14,1965-03-01,0.22113889302086573,7.88885340146918,8.33599488981156,36.8,2.47
15,1965-04-01,0.22118338093441828,7.871255576800511,8.2855321861058,36.8,2.47
16,1965-05-01,0.22126876695404615,7.909783989834816,8.32274459974587,36.8,2.49
17,1965-06-01,0.22246411869053379,7.877254033533693,8.320151850680164,36.8,2.49
18,1965-07-01,0.22296384478538275,7.884737175427486,8.328055731475617,36.8,2.49
19,1965-08-01,0.2242414495550552,7.923930269413629,8.367670364500793,36.8,2.5
20,1965-09-01,0.22552414700276502,7.938013915243516,8.380771663504111,36.8,2.51
21,1965-10-01,0.22534006787995403,7.9620853080568725,8.404423380726698,36.8,2.52
22,1965-11-01,0.22677380108827894,7.937007874015749,8.409448818897637,36.8,2.52
23,1965-12-01,0.22706510593530688,7.943485086342228,8.383045525902668,36.8,2.53
24,1966-01-01,0.22800787380629373,7.9673776662484315,8.406524466750314,37.1,2.54
25,1966-02-01,0.2306481308535902,7.980049875311722,8.385286783042394,37.1,2.56
26,1966-03-01,0.23176823176823177,7.95525170913611,8.39030453697949,37.1,2.56
27,1966-04-01,0.23251214526533753,7.992565055762081,8.395291201982651,37.1,2.58
28,1966-05-01,0.2336076981192095,7.975270479134466,8.408037094281298,37.1,2.58
29,1966-06-01,0.2344177561568866,7.967881408276714,8.431130327362569,37.1,2.58
30,1966-07-01,0.23449878525404036,8.012326656394453,8.443759630200308,37.1,2.6
31,1966-08-01,0.23514714777897588,7.993874425727412,8.422664624808576,37.1,2.61
32,1966-09-01,0.23516882297254654,8.030534351145038,8.427480916030532,37.1,2.63
33,1966-10-01,0.23564613708841323,8.036529680365296,8.432267884322679,37.1,2.64
34,1966-11-01,0.23470826262889963,8.059610705596105,8.454987834549877,37.1,2.65
35,1966-12-01,0.23483514046006707,8.019441069258809,8.44471445929526,37.1,2.64
36,1967-01-01,0.23529795534910425,8.054711246200608,8.51063829787234,36.9,2.65
37,1967-02-01,0.2349420420538153,8.09090909090909,8.515151515151516,36.9,2.67
38,1967-03-01,0.23503825594801384,8.09090909090909,8.515151515151516,36.9,2.67
39,1967-04-01,0.23285619391223933,8.09667673716012,8.519637462235648,36.9,2.68
40,1967-05-01,0.23226915712555196,8.126888217522659,8.549848942598187,36.9,2.69
41,1967-06-01,0.23051637116604115,8.078078078078079,8.558558558558559,36.9,2.69
42,1967-07-01,0.22957761024475887,8.113772455089821,8.562874251497005,36.9,2.71
43,1967-08-01,0.2304019971175623,8.149253731343284,8.597014925373134,36.9,2.73
44,1967-09-01,0.22867938107232819,8.125,8.57142857142857,36.9,2.73
45,1967-10-01,0.2276389492799959,8.130563798219583,8.575667655786349,36.9,2.74
46,1967-11-01,0.2300136844393856,8.112094395280236,8.584070796460178,36.9,2.75
47,1967-12-01,0.2296441630250602,8.147058823529411,8.588235294117647,36.9,2.77
48,1968-01-01,0.2325401531361984,8.240469208211143,8.621700879765395,36.3,2.81
49,1968-02-01,0.23078103029528313,8.24561403508772,8.625730994152047,36.3,2.82
50,1968-03-01,0.2308704763851973,8.279883381924199,8.658892128279886,36.3,2.84
51,1968-04-01,0.2316468634214897,8.284883720930234,8.69186046511628,36.3,2.85
52,1968-05-01,0.2306999632199069,8.318840579710145,8.695652173913043,36.3,2.87
53,1968-06-01,0.23038422649140547,8.299711815561958,8.674351585014408,36.3,2.88
54,1968-07-01,0.2312903634291503,8.280802292263612,8.681948424068768,36.3,2.89
55,1968-08-01,0.23161741381279263,8.257142857142858,8.685714285714285,36.3,2.89
56,1968-09-01,0.2314540059347181,8.31908831908832,8.746438746438745,36.3,2.92
57,1968-10-01,0.23181224893236857,8.328611898016998,8.725212464589235,36.3,2.94
58,1968-11-01,0.23161509424434093,8.361581920903955,8.757062146892656,36.3,2.96
59,1968-12-01,0.23168015302719505,8.342696629213483,8.735955056179774,36.3,2.97
60,1969-01-01,0.2317820001760497,8.375350140056021,8.739495798319327,36.0,2.99
61,1969-02-01,0.23122008522975793,8.379888268156426,8.77094972067039,36.0,3.0
62,1969-03-01,0.23174615067620724,8.337950138504155,8.753462603878116,36.0,3.01
63,1969-04-01,0.23111321483289943,8.347107438016529,8.760330578512397,36.0,3.03
64,1969-05-01,0.23198751950078003,8.351648351648352,8.763736263736265,36.0,3.04
65,1969-06-01,0.2309903836621394,8.333333333333332,8.770491803278688,36.0,3.05
66,1969-07-01,0.2306407512341173,8.369565217391305,8.75,36.0,3.08
67,1969-08-01,0.23138855325130075,8.401084010840108,8.78048780487805,36.0,3.1
68,1969-09-01,0.2290564645097798,8.409703504043128,8.787061994609163,36.0,3.12
69,1969-10-01,0.228397182614671,8.39142091152815,8.793565683646113,36.0,3.13
70,1969-11-01,0.2268756833789943,8.373333333333335,8.799999999999999,36.0,3.14
71,1969-12-01,0.2264652553170636,8.355437665782492,8.779840848806366,36.0,3.15
72,1970-01-01,0.2247349995730718,8.337730870712402,8.733509234828496,36.6,3.16
73,1970-02-01,0.223503061435649,8.32020997375328,8.74015748031496,36.6,3.17
74,1970-03-01,0.22255084971756892,8.328981723237598,8.772845953002612,36.6,3.19
75,1970-04-01,0.2200853409406844,8.285714285714285,8.727272727272727,36.6,3.19
76,1970-05-01,0.21857837372549496,8.341968911917098,8.730569948186528,36.6,3.22
77,1970-06-01,0.217375491004316,8.350515463917526,8.762886597938145,36.6,3.24
78,1970-07-01,0.21564275461092147,8.354755784061698,8.766066838046273,36.6,3.25
79,1970-08-01,0.2145149613899614,8.358974358974358,8.82051282051282,36.6,3.26
80,1970-09-01,0.21327482701256117,8.392857142857142,8.801020408163266,36.6,3.29
81,1970-10-01,0.20621787789999518,8.274111675126903,8.756345177664976,36.6,3.26
82,1970-11-01,0.20376310623833005,8.232323232323232,8.762626262626263,36.6,3.26
83,1970-12-01,0.20687223616588982,8.341708542713567,8.793969849246231,36.6,3.32
84,1971-01-01,0.20608228980322005,8.421052631578947,8.847117794486216,36.9,3.36
85,1971-02-01,0.20592562467854025,8.49624060150376,8.897243107769423,36.9,3.39
86,1971-03-01,0.20525276697577027,8.475000000000001,8.9,36.9,3.39
87,1971-04-01,0.20428608867605366,8.503740648379052,8.927680798004987,36.9,3.41
88,1971-05-01,0.20473049266060497,8.511166253101738,8.957816377171216,36.9,3.43
89,1971-06-01,0.2047523475019712,8.518518518518519,8.938271604938272,36.9,3.45
90,1971-07-01,0.20305904671567465,8.52216748768473,8.940886699507388,36.9,3.46
91,1971-08-01,0.20213054928962007,8.55036855036855,8.992628992628992,36.9,3.48
92,1971-09-01,0.20245246721978968,8.529411764705882,8.995098039215685,36.9,3.48
93,1971-10-01,0.20178621924780846,8.557457212713937,8.99755501222494,36.9,3.5
94,1971-11-01,0.2008706031032788,8.51219512195122,9.02439024390244,36.9,3.49
95,1971-12-01,0.20089927007299271,8.637469586374696,9.075425790754258,36.9,3.55
96,1972-01-01,0.20101653911465725,8.665048543689318,9.223300970873785,36.7,3.57
97,1972-02-01,0.20178762378539217,8.719806763285023,9.227053140096618,36.7,3.61
98,1972-03-01,0.20144092551754397,8.768115942028984,9.27536231884058,36.7,3.63
99,1972-04-01,0.2021382224582631,8.795180722891565,9.301204819277107,36.7,3.65
100,1972-05-01,0.20276699420566993,8.822115384615383,9.326923076923075,36.7,3.67
101,1972-06-01,0.20275613176102797,8.824940047961631,9.304556354916066,36.7,3.68
102,1972-07-01,0.20146196481645112,8.82775119617225,9.330143540669857,36.7,3.69
103,1972-08-01,0.20271490110492818,8.902147971360382,9.355608591885442,36.7,3.73
104,1972-09-01,0.20338246063712925,8.907363420427552,9.358669833729216,36.7,3.75
105,1972-10-01,0.2045124641391686,8.957345971563981,9.407582938388625,36.7,3.78
106,1972-11-01,0.2055553018540506,8.93867924528302,9.410377358490567,36.7,3.79
107,1972-12-01,0.20647464835177332,9.011764705882353,9.411764705882353,36.7,3.83
108,1973-01-01,0.20889960794175136,9.039812646370022,9.437939110070257,36.1,3.86
109,1973-02-01,0.20834276402154725,9.0,9.41860465116279,36.1,3.87
110,1973-03-01,0.2081466807734732,8.940092165898617,9.354838709677418,36.1,3.88
111,1973-04-01,0.20816014738592195,8.947368421052632,9.359267734553775,36.1,3.91
112,1973-05-01,0.20863818739674297,8.952164009111618,9.339407744874714,36.1,3.93
113,1973-06-01,0.2077768347701791,8.936651583710407,9.321266968325792,36.1,3.95
114,1973-07-01,0.2075576983170394,9.004524886877828,9.389140271493213,36.1,3.98
115,1973-08-01,0.20812432269380732,8.88888888888889,9.244444444444445,36.1,4.0
116,1973-09-01,0.20713951779870435,8.915929203539823,9.292035398230087,36.1,4.03
117,1973-10-01,0.20749797516947555,8.881578947368421,9.232456140350877,36.1,4.05
118,1973-11-01,0.20694254596763526,8.867102396514163,9.237472766884533,36.1,4.07
119,1973-12-01,0.20706348333149963,8.833693304535638,9.1792656587473,36.1,4.09
120,1974-01-01,0.2060110308227064,8.76068376068376,9.123931623931623,35.5,4.1
121,1974-02-01,0.20470022408045035,8.731501057082452,9.069767441860465,35.5,4.13
122,1974-03-01,0.20447661640405454,8.682008368200838,9.037656903765692,35.5,4.15
123,1974-04-01,0.20487035393867692,8.64864864864865,9.002079002079002,35.5,4.16
124,1974-05-01,0.20402637669767237,8.744855967078188,9.053497942386832,35.5,4.25
125,1974-06-01,0.20344407192928984,8.775510204081632,9.061224489795919,35.5,4.3
126,1974-07-01,0.2023164013360517,8.782961460446248,9.026369168356998,35.5,4.33
127,1974-08-01,0.20171846315949554,8.77755511022044,8.997995991983968,35.5,4.38
128,1974-09-01,0.19993945160453247,8.735177865612648,8.952569169960475,35.5,4.42
129,1974-10-01,0.1984911044337318,8.784313725490197,8.941176470588234,35.5,4.48
130,1974-11-01,0.1948666537308928,8.718446601941748,8.87378640776699,35.5,4.49
131,1974-12-01,0.19069842638499676,8.709055876685934,8.863198458574182,35.5,4.52
132,1975-01-01,0.18623829567906539,8.680688336520078,8.81453154875717,35.7,4.54
133,1975-02-01,0.18328015866172287,8.70722433460076,8.821292775665398,35.7,4.58
134,1975-03-01,0.18089411259593194,8.768939393939394,8.84469696969697,35.7,4.63
135,1975-04-01,0.1794344693198,8.735849056603772,8.81132075471698,35.7,4.63
136,1975-05-01,0.17836905116952836,8.757062146892656,8.832391713747647,35.7,4.65
137,1975-06-01,0.17835960459524447,8.74766355140187,8.822429906542055,35.7,4.68
138,1975-07-01,0.17738590314929642,8.722222222222221,8.777777777777779,35.7,4.71
139,1975-08-01,0.1786708013848474,8.763837638376383,8.819188191881919,35.7,4.75
140,1975-09-01,0.17944417315980551,8.754578754578755,8.772893772893772,35.7,4.78
141,1975-10-01,0.18016909416869106,8.743169398907105,8.779599271402551,35.7,4.8
142,1975-11-01,0.1806366047745358,8.734177215189874,8.788426763110309,35.7,4.83
143,1975-12-01,0.18155048777129298,8.741007194244604,8.758992805755396,35.7,4.86
144,1976-01-01,0.1820949291086439,8.78136200716846,8.78136200716846,35.6,4.9
145,1976-02-01,0.1829933261752879,8.837209302325583,8.819320214669052,35.6,4.94
146,1976-03-01,0.183479493777241,8.892857142857144,8.839285714285715,35.6,4.98
147,1976-04-01,0.18320347586322144,8.877005347593583,8.877005347593583,35.6,4.98
148,1976-05-01,0.18271829060899142,8.936170212765958,8.882978723404255,35.6,5.04
149,1976-06-01,0.18272931115398655,8.941798941798943,8.871252204585538,35.6,5.07
150,1976-07-01,0.18143979789403933,8.964912280701755,8.877192982456139,35.6,5.11
151,1976-08-01,0.18188772082157514,9.005235602094242,8.91797556719023,35.6,5.16
152,1976-09-01,0.18295651093181983,9.027777777777777,8.92361111111111,35.6,5.2
153,1976-10-01,0.18146095301125081,8.963730569948188,8.911917098445596,35.6,5.19
154,1976-11-01,0.18181257326176814,9.036144578313253,8.967297762478484,35.6,5.25
155,1976-12-01,0.182017093314706,9.058219178082192,8.955479452054796,35.6,5.29
156,1977-01-01,0.18314336268619866,9.114139693356046,8.960817717206131,35.5,5.35
157,1977-02-01,0.18247174924579435,9.038785834738619,8.937605396290051,35.5,5.36
158,1977-03-01,0.18285685165367171,9.060402684563758,8.926174496644295,35.5,5.4
159,1977-04-01,0.18330112885182548,9.083333333333334,8.933333333333334,35.5,5.45
160,1977-05-01,0.18351999189175494,9.119601328903656,8.970099667774086,35.5,5.49
161,1977-06-01,0.18358511701129243,9.15702479338843,8.958677685950413,35.5,5.54
162,1977-07-01,0.18459656465783061,9.17763157894737,8.980263157894736,35.5,5.58
163,1977-08-01,0.18392609141960026,9.181669394435351,8.968903436988544,35.5,5.61
164,1977-09-01,0.18434838566961279,9.216965742251224,8.98858075040783,35.5,5.65
165,1977-10-01,0.1839002153984872,9.237012987012989,9.009740259740258,35.5,5.69
166,1977-11-01,0.18313514158447344,9.225806451612902,9.0,35.5,5.72
167,1977-12-01,0.18440457354389944,9.229534510433387,9.004815409309792,35.5,5.75
168,1978-01-01,0.18432087872869846,9.298245614035087,9.027113237639552,34.8,5.83
169,1978-02-01,0.1848428652181243,9.301587301587302,9.031746031746032,34.8,5.86
170,1978-03-01,0.18497012622165948,9.274447949526813,9.037854889589907,34.8,5.88
171,1978-04-01,0.18481107369996258,9.280125195618155,9.061032863849766,34.8,5.93
172,1978-05-01,0.1849729135589228,9.24031007751938,9.023255813953488,34.8,5.96
173,1978-06-01,0.1848081976340956,9.246153846153845,9.015384615384615,34.8,6.01
174,1978-07-01,0.1850701667008467,9.251908396946565,9.007633587786259,34.8,6.06
175,1978-08-01,0.18540449317634206,9.241274658573595,8.983308042488618,34.8,6.09
176,1978-09-01,0.18549540347293156,9.24812030075188,8.977443609022556,34.8,6.15
177,1978-10-01,0.18570042685292976,9.239940387481372,8.971684053651268,34.8,6.2
178,1978-11-01,0.18594658272339276,9.274074074074074,8.962962962962964,34.8,6.26
179,1978-12-01,0.1862458939012995,9.293078055964653,8.983799705449188,34.8,6.31
180,1979-01-01,0.18632095870532497,9.284671532846716,8.94890510948905,34.8,6.36
181,1979-02-01,0.1857285028037741,9.248554913294797,8.93063583815029,34.8,6.4
182,1979-03-01,0.18599470307584928,9.227467811158798,8.898426323319027,34.8,6.45
183,1979-04-01,0.1867104404254502,9.107648725212465,8.796033994334278,34.8,6.43
184,1979-05-01,0.18727860920985687,9.131652661064424,8.781512605042016,34.8,6.52
185,1979-06-01,0.1868632810260135,9.085872576177284,8.753462603878116,34.8,6.56
186,1979-07-01,0.18600598083846023,9.027397260273972,8.712328767123289,34.8,6.59
187,1979-08-01,0.18465022455659588,8.995929443690637,8.683853459972864,34.8,6.63
188,1979-09-01,0.18423197195110394,8.96505376344086,8.669354838709676,34.8,6.67
189,1979-10-01,0.18344370860927153,8.922872340425531,8.590425531914892,34.8,6.71
190,1979-11-01,0.18238952103731146,8.868421052631579,8.56578947368421,34.8,6.74
191,1979-12-01,0.18164279395433755,8.84265279583875,8.530559167750324,34.8,6.8
192,1980-01-01,0.18094630356036862,8.743589743589745,8.423076923076923,34.7,6.82
193,1980-02-01,0.18012690141241083,8.708860759493671,8.39240506329114,34.7,6.88
194,1980-03-01,0.18053963660960898,8.676654182272161,8.352059925093634,34.7,6.95
195,1980-04-01,0.1779981424322879,8.61557478368356,8.30655129789864,34.7,6.97
196,1980-05-01,0.1751255505989956,8.592411260709913,8.274173806609546,34.7,7.02
197,1980-06-01,0.17315976774676906,8.606060606060606,8.266666666666666,34.7,7.1
198,1980-07-01,0.17055030375423436,8.668280871670703,8.305084745762713,34.7,7.16
199,1980-08-01,0.1719247467438495,8.701923076923077,8.305288461538462,34.7,7.24
200,1980-09-01,0.17222543838353657,8.70083432657926,8.283671036948748,34.7,7.3
201,1980-10-01,0.17230110330059123,8.71310507674144,8.288075560802833,34.7,7.38
202,1980-11-01,0.17292317417819425,8.726635514018692,8.282710280373832,34.7,7.47
203,1980-12-01,0.17363439898651167,8.703703703703702,8.252314814814813,34.7,7.52
204,1981-01-01,0.17254179549367746,8.692660550458715,8.23394495412844,35.5,7.58
205,1981-02-01,0.17195728090759593,8.65909090909091,8.215909090909092,35.5,7.62
206,1981-03-01,0.17177784123884185,8.668171557562076,8.227990970654627,35.5,7.68
207,1981-04-01,0.17177874684415884,8.709315375982044,8.226711560044894,35.5,7.76
208,1981-05-01,0.17181520206551792,8.706800445930881,8.216276477146042,35.5,7.81
209,1981-06-01,0.17333665448909555,8.67403314917127,8.187845303867404,35.5,7.85
210,1981-07-01,0.17304432735178157,8.62295081967213,8.14207650273224,35.5,7.89
211,1981-08-01,0.1724350425385146,8.644251626898047,8.156182212581344,35.5,7.97
212,1981-09-01,0.17278888950449703,8.625134264232008,8.1203007518797,35.5,8.03
213,1981-10-01,0.17029277957147052,8.629550321199144,8.126338329764453,35.5,8.06
214,1981-11-01,0.1685250283789227,8.614072494669509,8.134328358208956,35.5,8.08
215,1981-12-01,0.1673185691200235,8.597236981934113,8.119022316684378,35.5,8.09
216,1982-01-01,0.16543372842358076,8.75,8.177966101694913,36.7,8.26
217,1982-02-01,0.16425954853974256,8.66948257655755,8.15205913410771,36.7,8.21
218,1982-03-01,0.16297790393092812,8.70116156282999,8.183738120380148,36.7,8.24
219,1982-04-01,0.1610180295028228,8.715789473684211,8.178947368421053,36.7,8.28
220,1982-05-01,0.1592380331549737,8.686131386861314,8.175182481751825,36.7,8.33
221,1982-06-01,0.1583379511450659,8.628865979381443,8.092783505154639,36.7,8.37
222,1982-07-01,0.15658588751336752,8.615384615384617,8.102564102564102,36.7,8.4
223,1982-08-01,0.1552744448667137,8.628454452405322,8.12691914022518,36.7,8.43
224,1982-09-01,0.15420742225955328,8.648925281473899,8.12691914022518,36.7,8.45
225,1982-10-01,0.15217980206602616,8.603465851172274,8.114169215086648,36.7,8.44
226,1982-11-01,0.15058081945069787,8.63265306122449,8.142857142857144,36.7,8.46
227,1982-12-01,0.15024801274722505,8.689866939611054,8.198567041965198,36.7,8.49
228,1983-01-01,0.15091015854374634,8.702757916241062,8.232890704800818,37.3,8.52
229,1983-02-01,0.15100240432416798,8.76530612244898,8.255102040816327,37.3,8.59
230,1983-03-01,0.15111179433387287,8.756371049949031,8.256880733944955,37.3,8.59
231,1983-04-01,0.15153210380048363,8.714574898785425,8.228744939271255,37.3,8.61
232,1983-05-01,0.15239719845481786,8.709677419354838,8.235887096774192,37.3,8.64
233,1983-06-01,0.1515923453016205,8.712273641851107,8.239436619718308,37.3,8.66
234,1983-07-01,0.15264504814059202,8.72745490981964,8.236472945891785,37.3,8.71
235,1983-08-01,0.15252470351328956,8.701298701298702,8.191808191808192,37.3,8.71
236,1983-09-01,0.15365367148123743,8.725099601593625,8.237051792828684,37.3,8.76
237,1983-10-01,0.1551650197451888,8.730158730158731,8.24404761904762,37.3,8.8
238,1983-11-01,0.15574544676907723,8.74381800197824,8.21958456973294,37.3,8.84
239,1983-12-01,0.1562491653832115,8.747534516765285,8.21499013806706,37.3,8.87
240,1984-01-01,0.15711752176741617,8.72673849167483,8.207639569049952,37.3,8.91
241,1984-02-01,0.15742130266838342,8.693957115009747,8.167641325536064,37.3,8.92
242,1984-03-01,0.1579764534703184,8.70748299319728,8.172983479105927,37.3,8.96
243,1984-04-01,0.15802224619356664,8.693126815101646,8.18005808325266,37.3,8.98
244,1984-05-01,0.1576432700683684,8.68599033816425,8.16425120772947,37.3,8.99
245,1984-06-01,0.15785866786156724,8.707810993249758,8.177434908389586,37.3,9.03
246,1984-07-01,0.15804759063629664,8.693563880883767,8.174831892411143,37.3,9.05
247,1984-08-01,0.15863549198641824,8.706896551724137,8.151340996168582,37.3,9.09
248,1984-09-01,0.15825992253440718,8.710601719197706,8.166189111747851,37.3,9.12
249,1984-10-01,0.15807891667178278,8.705994291151285,8.135109419600383,37.3,9.15
250,1984-11-01,0.1577997722694228,8.72744539411206,8.138651471984806,37.3,9.19
251,1984-12-01,0.15729483945854897,8.739336492890997,8.161137440758292,37.3,9.22
252,1985-01-01,0.15697537589888866,8.770104068117313,8.14569536423841,37.6,9.27
253,1985-02-01,0.156394721264668,8.739416745061147,8.12793979303857,37.6,9.29
254,1985-03-01,0.15554765538290788,8.726591760299627,8.108614232209737,37.6,9.32
255,1985-04-01,0.1550840623943259,8.738317757009344,8.121495327102803,37.6,9.35
256,1985-05-01,0.154945588975476,8.740671641791044,8.115671641791042,37.6,9.37
257,1985-06-01,0.1549949984777976,8.734883720930233,8.130232558139536,37.6,9.39
258,1985-07-01,0.1541449878598682,8.746518105849582,8.115134633240482,37.6,9.42
259,1985-08-01,0.1540102870128631,8.739573679332715,8.118628359592215,37.6,9.43
260,1985-09-01,0.1528665717613563,8.732654949121184,8.140610545790935,37.6,9.44
261,1985-10-01,0.15246459167420034,8.71889400921659,8.101382488479262,37.6,9.46
262,1985-11-01,0.15238300254014725,8.706422018348624,8.08256880733945,37.6,9.49
263,1985-12-01,0.15206181136875396,8.721461187214613,8.100456621004566,37.6,9.55
264,1986-01-01,0.1515743645120927,8.671519563239308,8.052775250227478,37.6,9.53
265,1986-02-01,0.1511182217963416,8.714676390154969,8.094804010938924,37.6,9.56
266,1986-03-01,0.1503497696638799,8.780934922089827,8.148487626031164,37.6,9.58
267,1986-04-01,0.1501585461488629,8.794848206071757,8.169273229070837,37.6,9.56
268,1986-05-01,0.14969198829215166,8.79816513761468,8.1651376146789,37.6,9.59
269,1986-06-01,0.14845364316926934,8.756855575868371,8.153564899451553,37.6,9.58
270,1986-07-01,0.14811773569572248,8.767123287671232,8.136986301369863,37.6,9.6
271,1986-08-01,0.14802369868810833,8.768248175182482,8.156934306569342,37.6,9.61
272,1986-09-01,0.14779340343764516,8.727272727272727,8.127272727272727,37.6,9.6
273,1986-10-01,0.14746532113807417,8.729582577132486,8.130671506352087,37.6,9.62
274,1986-11-01,0.1472764974627847,8.731884057971016,8.16123188405797,37.6,9.64
275,1986-12-01,0.14735564155095227,8.71841155234657,8.131768953068592,37.6,9.66
276,1987-01-01,0.14695611931507427,8.680430879712747,8.096947935368043,37.2,9.67
277,1987-02-01,0.14689981699434193,8.66726296958855,8.094812164579606,37.2,9.69
278,1987-03-01,0.14678460635532825,8.654188948306595,8.083778966131907,37.2,9.71
279,1987-04-01,0.14685426023999465,8.615794143744456,8.05678793256433,37.2,9.71
280,1987-05-01,0.14617358842743816,8.610619469026549,8.061946902654867,37.2,9.73
281,1987-06-01,0.14657651031393132,8.581497797356828,8.026431718061673,37.2,9.74
282,1987-07-01,0.14672816133175426,8.558875219683657,8.014059753954307,37.2,9.74
283,1987-08-01,0.14652836649545373,8.57392825896763,8.031496062992126,37.2,9.8
284,1987-09-01,0.14741148728033263,8.587619877942458,8.012205754141236,37.2,9.85
285,1987-10-01,0.14711764266569302,8.556521739130435,8.017391304347827,37.2,9.84
286,1987-11-01,0.14746142359382777,8.552859618717504,8.032928942807626,37.2,9.87
287,1987-12-01,0.14751219673814908,8.555363321799309,8.027681660899653,37.2,9.89
288,1988-01-01,0.14706247055030627,8.543103448275863,8.00862068965517,37.7,9.91
289,1988-02-01,0.14710786093961503,8.537005163511187,7.994836488812392,37.7,9.92
290,1988-03-01,0.1475771835948161,8.532188841201718,7.991416309012876,37.7,9.94
291,1988-04-01,0.1474132172105797,8.523890784982935,7.986348122866893,37.7,9.99
292,1988-05-01,0.1477810540922269,8.527659574468084,8.008510638297873,37.7,10.02
293,1988-06-01,0.1474895655824751,8.508474576271185,7.974576271186441,37.7,10.04
294,1988-07-01,0.14733900464389924,8.481012658227849,7.974683544303797,37.7,10.05
295,1988-08-01,0.14649744114636643,8.46218487394958,7.949579831932773,37.7,10.07
296,1988-09-01,0.14688422433584783,8.468619246861923,7.958158995815899,37.7,10.12
297,1988-10-01,0.14701405822954683,8.47372810675563,7.973311092577148,37.7,10.16
298,1988-11-01,0.14679908999730915,8.470490440565253,7.963424771404822,37.7,10.19
299,1988-12-01,0.14699646066774313,8.450704225352112,7.953603976801987,37.7,10.2
300,1989-01-01,0.1463408704108923,8.44059405940594,7.962046204620463,38.2,10.23
301,1989-02-01,0.1466276850611118,8.4375,7.9605263157894735,38.2,10.26
302,1989-03-01,0.14655878987559545,8.420621931260227,7.937806873977086,38.2,10.29
303,1989-04-01,0.14611742807429287,8.35093419983753,7.920389926888709,38.2,10.28
304,1989-05-01,0.1461036331535384,8.326596604688763,7.873888439773646,38.2,10.3
305,1989-06-01,0.14527198677366024,8.323932312651088,7.872683319903303,38.2,10.33
306,1989-07-01,0.14503859898198715,8.321285140562248,7.895582329317269,38.2,10.36
307,1989-08-01,0.144677286857916,8.345381526104418,7.895582329317269,38.2,10.39
308,1989-09-01,0.14459756018847222,8.341346153846155,7.908653846153846,38.2,10.41
309,1989-10-01,0.14406936583716418,8.317384370015949,7.910685805422648,38.2,10.43
310,1989-11-01,0.14350473775845055,8.292295472597297,7.887212073073869,38.2,10.44
311,1989-12-01,0.14362595082612434,8.305621536025336,7.901821060965955,38.2,10.49
312,1990-01-01,0.1414334872410258,8.250980392156862,7.858823529411764,38.3,10.52
313,1990-02-01,0.14233553416593747,8.3125,7.8671875,38.3,10.64
314,1990-03-01,0.14203384710773365,8.320373250388801,7.861586314152411,38.3,10.7
315,1990-04-01,0.14202261856441356,8.285492629945693,7.851047323506593,38.3,10.68
316,1990-05-01,0.1413581374659433,8.319132455460885,7.869868319132456,38.3,10.74
317,1990-06-01,0.1415511296218136,8.298691301000769,7.852193995381061,38.3,10.78
318,1990-07-01,0.14079947825533676,8.28352490421456,7.831417624521072,38.3,10.81
319,1990-08-01,0.14009048337169616,8.206686930091186,7.781155015197569,38.3,10.8
320,1990-09-01,0.13987386013408318,8.196226415094339,7.750943396226415,38.3,10.86
321,1990-10-01,0.13950553593396564,8.18590704647676,7.721139430284858,38.3,10.92
322,1990-11-01,0.13824065995082097,8.145100972326103,7.7187733732236365,38.3,10.89
323,1990-12-01,0.1379001442818411,8.144560357675113,7.704918032786885,38.3,10.93
324,1991-01-01,0.13758882140446985,8.144023756495917,7.698589458054937,38.0,10.97
325,1991-02-01,0.1365894302491668,8.137982195845698,7.707715133531156,38.0,10.97
326,1991-03-01,0.1357752816109254,8.160237388724035,7.722551928783382,38.0,11.0
327,1991-04-01,0.13507127730189336,8.179126572908956,7.742413027387121,38.0,11.05
328,1991-05-01,0.13529514329190973,8.178466076696166,7.743362831858408,38.0,11.09
329,1991-06-01,0.13492333631491873,8.183823529411766,7.727941176470587,38.0,11.13
330,1991-07-01,0.13487483551849327,8.201174743024964,7.738619676945668,38.0,11.17
331,1991-08-01,0.13496630994847403,8.184480234260615,7.730600292825769,38.0,11.18
332,1991-09-01,0.13430714567706278,8.182481751824817,7.7226277372262775,38.0,11.21
333,1991-10-01,0.13422877086590546,8.199708454810496,7.71865889212828,38.0,11.25
334,1991-11-01,0.13386634675338,8.171262699564586,7.699564586357038,38.0,11.26
335,1991-12-01,0.13355807490684016,8.154848046309697,7.698986975397975,38.0,11.27
336,1992-01-01,0.1323186207872011,8.127259580621836,7.693420101229212,38.4,11.24
337,1992-02-01,0.13228831746680608,8.152958152958153,7.691197691197692,38.4,11.3
338,1992-03-01,0.13169649854236545,8.138030194104962,7.677929547088426,38.4,11.32
339,1992-04-01,0.13164790638371102,8.149210903873744,7.690100430416069,38.4,11.36
340,1992-05-01,0.13140127537679813,8.153185397279888,7.68790264853257,38.4,11.39
341,1992-06-01,0.13098342661860982,8.144182726623841,7.687366167023554,38.4,11.41
342,1992-07-01,0.1308307989079284,8.135231316725978,7.672597864768684,38.4,11.43
343,1992-08-01,0.13048447668587157,8.139204545454545,7.6775568181818175,38.4,11.46
344,1992-09-01,0.13042700056808895,8.114812189936217,7.675407512402551,38.4,11.45
345,1992-10-01,0.130840610500992,8.094565984474242,7.657021877205364,38.4,11.47
346,1992-11-01,0.1304723569576693,8.08585503166784,7.642505277973258,38.4,11.49
347,1992-12-01,0.130451016693374,8.088545326774419,7.659873506676036,38.4,11.51
348,1993-01-01,0.1307632398753894,8.088235294117647,7.654061624649859,40.4,11.55
349,1993-02-01,0.13081318407572903,8.085255066387143,7.651991614255765,40.4,11.57
350,1993-03-01,0.1306007869484751,8.080949057920446,7.669225401256105,40.4,11.58
351,1993-04-01,0.13043613513345362,8.087621696801113,7.642559109874826,40.4,11.63
352,1993-05-01,0.12970355241985393,8.079056865464633,7.635228848821082,40.4,11.65
353,1993-06-01,0.1293707644636082,8.094248094248094,7.643797643797642,40.4,11.68
354,1993-07-01,0.12936930531619745,8.089965397923875,7.647058823529412,40.4,11.69
355,1993-08-01,0.1291477329712465,8.093922651933703,7.6450276243093915,40.4,11.72
356,1993-09-01,0.1297304824086394,8.110344827586207,7.6482758620689655,40.4,11.76
357,1993-10-01,0.12948685297091214,8.097527472527473,7.64423076923077,40.4,11.79
358,1993-11-01,0.129518699262206,8.102739726027398,7.636986301369864,40.4,11.83
359,1993-12-01,0.12940488375493492,8.120300751879698,7.641831852358168,40.4,11.88
360,1994-01-01,0.12906214585439063,8.133971291866029,7.655502392344496,40.0,11.9
361,1994-02-01,0.12904361401709663,8.15950920245399,7.668711656441718,40.0,11.97
362,1994-03-01,0.1295782208588957,8.123725356900067,7.647858599592114,40.0,11.95
363,1994-04-01,0.12963459168127636,8.125000000000002,7.656250000000001,40.0,11.96
364,1994-05-01,0.1296920759449147,8.122033898305085,7.654237288135593,40.0,11.98
365,1994-06-01,0.13027626933004496,8.113590263691684,7.647058823529412,40.0,12.0
366,1994-07-01,0.130307993754401,8.106469002695418,7.641509433962264,40.0,12.03
367,1994-08-01,0.13011616834888592,8.093959731543626,7.624161073825503,40.0,12.06
368,1994-09-01,0.1302227193523105,8.097789685197588,7.6289350301406555,40.0,12.09
369,1994-10-01,0.13013116346854506,8.105756358768406,7.643908969210174,40.0,12.11
370,1994-11-01,0.1303045696825409,8.110814419225635,7.643524699599465,40.0,12.15
371,1994-12-01,0.13048783260452743,8.107928047968022,7.64823451032645,40.0,12.17
372,1995-01-01,0.13073509141307804,8.106312292358805,7.627906976744186,39.9,12.2
373,1995-02-01,0.13068917231200092,8.111332007952287,7.640821736249171,39.9,12.24
374,1995-03-01,0.1306733884397614,8.095238095238095,7.638888888888889,39.9,12.24
375,1995-04-01,0.13031148653744626,8.063241106719367,7.615283267457181,39.9,12.24
376,1995-05-01,0.13089017148144497,8.07363576594346,7.6199868507560815,39.9,12.28
377,1995-06-01,0.13070959234249596,8.07742782152231,7.631233595800525,39.9,12.31
378,1995-07-01,0.13010132761082943,8.119266055045872,7.647444298820445,39.9,12.39
379,1995-08-01,0.13027445290774997,8.109875735775015,7.64551994767822,39.9,12.4
380,1995-09-01,0.13005708425394574,8.105813193990857,7.661659046374919,39.9,12.41
381,1995-10-01,0.1297206064076675,8.09771986970684,7.654723127035831,39.9,12.43
382,1995-11-01,0.12976005549941938,8.100195185426156,7.664281067013663,39.9,12.45
383,1995-12-01,0.13003448770290768,8.11565951916829,7.673814165042235,39.9,12.49
384,1996-01-01,0.12975809857030826,8.144796380090497,7.666451195862961,40.3,12.6
385,1996-02-01,0.1295956435405259,8.103225806451613,7.6580645161290315,40.3,12.56
386,1996-03-01,0.12909596035440757,8.038585209003216,7.646302250803859,40.3,12.5
387,1996-04-01,0.1289568170063489,8.129404228058936,7.661755285073671,40.3,12.69
388,1996-05-01,0.12884257146490907,8.126598465473146,7.659846547314578,40.3,12.71
389,1996-06-01,0.12884357913790137,8.136566687938737,7.677089980855137,40.3,12.75
390,1996-07-01,0.12825057341157547,8.152866242038218,7.675159235668791,40.3,12.8
391,1996-08-01,0.12872424545332478,8.155216284987278,7.690839694656488,40.3,12.82
392,1996-09-01,0.128245920529309,8.14838300570704,7.691819911223844,40.3,12.85
393,1996-10-01,0.1279860066260997,8.109987357774969,7.686472819216182,40.3,12.83
394,1996-11-01,0.12797114223706918,8.115942028985508,7.6874606175173295,40.3,12.88
395,1996-12-01,0.1279225537142984,8.139534883720929,7.693274670018857,40.3,12.95
396,1997-01-01,0.1276946019371604,8.14930991217064,7.710163111668757,40.5,12.99
397,1997-02-01,0.12788035450516988,8.140262993112085,7.708202880400752,40.5,13.0
398,1997-03-01,0.12760226946596906,8.153942428035043,7.7284105131414265,40.5,13.03
399,1997-04-01,0.12756587460298788,8.148843026891807,7.74859287054409,40.5,13.03
400,1997-05-01,0.1275648513433099,8.17385866166354,7.773608505315822,40.5,13.07
401,1997-06-01,0.12764754682074134,8.164794007490638,7.7777777777777795,40.5,13.08
402,1997-07-01,0.12740608307626927,8.167082294264338,7.793017456359102,40.5,13.1
403,1997-08-01,0.12775036964382439,8.190298507462686,7.817164179104477,40.5,13.17
404,1997-09-01,0.12778489116517286,8.16997518610422,7.816377171215881,40.5,13.17
405,1997-10-01,0.12818279624980788,8.229102167182662,7.8390092879256965,40.5,13.29
406,1997-11-01,0.1281824753031885,8.237476808905381,7.860235003092147,40.5,13.32
407,1997-12-01,0.1282271882177099,8.257107540173052,7.880098887515451,40.5,13.36
408,1998-01-01,0.128516721981108,8.234567901234568,7.895061728395062,40.0,13.34
409,1998-02-01,0.1285591341385145,8.265432098765432,7.919753086419753,40.0,13.39
410,1998-03-01,0.12851584132443383,8.290123456790123,7.944444444444445,40.0,13.43
411,1998-04-01,0.12859642726941306,8.261405672009865,7.9654747225647355,40.0,13.4
412,1998-05-01,0.1282939754826311,8.271832718327184,7.970479704797048,40.0,13.45
413,1998-06-01,0.12809283038085192,8.243243243243242,7.979115479115478,40.0,13.42
414,1998-07-01,0.1266316829956101,8.174019607843137,7.965686274509805,40.0,13.34
415,1998-08-01,0.12766591553391002,8.237454100367197,7.998776009791922,40.0,13.46
416,1998-09-01,0.12696151454232532,8.269113149847094,8.01834862385321,40.0,13.52
417,1998-10-01,0.126642512601335,8.255033557046978,8.017083587553387,40.0,13.53
418,1998-11-01,0.12621674940923971,8.251066422912858,8.025594149908592,40.0,13.54
419,1998-12-01,0.12586378521863323,8.24817518248175,8.035279805352797,40.0,13.56
420,1999-01-01,0.1253713948619814,8.251366120218579,8.057073466909532,40.0,13.59
421,1999-02-01,0.12517360236602934,8.27565270188221,8.075288403157256,40.0,13.63
422,1999-03-01,0.12519282058675124,8.307038834951456,8.094660194174756,40.0,13.69
423,1999-04-01,0.12480659762951662,8.282097649186257,8.065099457504521,40.0,13.74
424,1999-05-01,0.12460192513676523,8.313253012048193,8.08433734939759,40.0,13.8
425,1999-06-01,0.12412347752442061,8.349397590361447,8.114457831325302,40.0,13.86
426,1999-07-01,0.1241259618901455,8.344331133773245,8.104379124175164,40.0,13.91
427,1999-08-01,0.12398336082622104,8.34230999401556,8.096947935368043,40.0,13.94
428,1999-09-01,0.12377705519187521,8.3373063170441,8.110846245530393,40.0,13.99
429,1999-10-01,0.12358786872813388,8.322427126710293,8.11421772754313,40.0,13.99
430,1999-11-01,0.12342081771112301,8.319477434679335,8.111638954869358,40.0,14.01
431,1999-12-01,0.12326558565242515,8.329383886255924,8.116113744075829,40.0,14.06
432,2000-01-01,0.12148987467227115,8.340224453632604,8.11577082102776,40.1,14.12
433,2000-02-01,0.12132869096422755,8.31764705882353,8.117647058823529,40.1,14.14
434,2000-03-01,0.12147380541162925,8.286549707602338,8.099415204678362,40.1,14.17
435,2000-04-01,0.1211830389979755,8.326506729081334,8.1275599765945,40.1,14.23
436,2000-05-01,0.12134449532263955,8.306074766355142,8.136682242990654,40.1,14.22
437,2000-06-01,0.12129096506792154,8.304297328687573,8.118466898954704,40.1,14.3
438,2000-07-01,0.12174756462699785,8.297625940938042,8.118123914302258,40.1,14.33
439,2000-08-01,0.12130036347306229,8.314997104806023,8.147075854082225,40.1,14.36
440,2000-09-01,0.1208899928430093,8.294930875576037,8.139400921658988,40.1,14.4
441,2000-10-01,0.12071770133639971,8.326624496837262,8.14836112708453,40.1,14.48
442,2000-11-01,0.12032568095018256,8.33524684270953,8.168771526980482,40.1,14.52
443,2000-12-01,0.11993884731374958,8.304696449026345,8.184421534936998,40.1,14.5
444,2001-01-01,0.11894993045897079,8.24601366742597,8.137813211845103,40.6,14.48
445,2001-02-01,0.11850996165649508,8.267045454545455,8.159090909090908,40.6,14.55
446,2001-03-01,0.1176871126427837,8.285065303804656,8.188529244747302,40.6,14.59
447,2001-04-01,0.11703083534746359,8.293650793650793,8.1859410430839,40.6,14.63
448,2001-05-01,0.11624499365048355,8.285391990975747,8.178228990411732,40.6,14.69
449,2001-06-01,0.11518795733727687,8.294879009566685,8.182329769274057,40.6,14.74
450,2001-07-01,0.11403093544210395,8.354002254791432,8.201803833145433,40.6,14.82
451,2001-08-01,0.11329248206359398,8.370913190529876,8.22998872604284,40.6,14.85
452,2001-09-01,0.11192521650959449,8.360471645143178,8.208871420550253,40.6,14.89
453,2001-10-01,0.11085740460558277,8.38963963963964,8.254504504504505,40.6,14.9
454,2001-11-01,0.10971297836938436,8.428169014084508,8.292957746478875,40.6,14.96
455,2001-12-01,0.10888049617130384,8.461104847801577,8.30890642615558,40.6,15.01
456,2002-01-01,0.10833802464502408,8.46933033202026,8.306133933595948,40.4,15.05
457,2002-02-01,0.10727741560838697,8.488764044943819,8.303370786516853,40.4,15.11
458,2002-03-01,0.10688602653636119,8.487394957983193,8.302521008403362,40.4,15.15
459,2002-04-01,0.10635342891691138,8.460680423870608,8.276631344116007,40.4,15.17
460,2002-05-01,0.1058245594668065,8.49025069637883,8.289693593314764,40.4,15.24
461,2002-06-01,0.10563642892657864,8.502227171492205,8.312917594654788,40.4,15.27
462,2002-07-01,0.10535693321270968,8.5,8.316666666666666,40.4,15.3
463,2002-08-01,0.1046210924839148,8.498614958448753,8.321329639889196,40.4,15.34
464,2002-09-01,0.1038735297350775,8.501106194690264,8.324115044247787,40.4,15.37
465,2002-10-01,0.1036307582201302,8.532008830022077,8.344370860927153,40.4,15.46
466,2002-11-01,0.10336387642114989,8.534435261707989,8.347107438016529,40.4,15.49
467,2002-12-01,0.10278769663463527,8.547854785478547,8.36083608360836,40.4,15.54
468,2003-01-01,0.10187272590227289,8.532311062431544,8.329682365826944,40.8,15.58
469,2003-02-01,0.10116358658453115,8.513071895424837,8.32244008714597,40.8,15.63
470,2003-03-01,0.10081357603648765,8.50462207721588,8.30342577487765,40.8,15.64
471,2003-04-01,0.09973101028168822,8.531659388646288,8.340611353711791,40.8,15.63
472,2003-05-01,0.09937201365187713,8.5784581738655,8.381629305631492,40.8,15.69
473,2003-06-01,0.09855429224241105,8.585472419442928,8.388858547241943,40.8,15.72
474,2003-07-01,0.0983240604840086,8.579205225911814,8.383233532934133,40.8,15.76
475,2003-08-01,0.09816654716787873,8.552845528455284,8.357723577235772,40.8,15.78
476,2003-09-01,0.09790486589776838,8.55213398163155,8.330632090761751,40.8,15.83
477,2003-10-01,0.09769895580577442,8.561384532179556,8.339643050297457,40.8,15.83
478,2003-11-01,0.09738775510204081,8.594594594594595,8.356756756756758,40.8,15.9
479,2003-12-01,0.09745176481813411,8.582210242587601,8.339622641509434,40.8,15.92
480,2004-01-01,0.09732229198730609,8.561460010735372,8.325281803542673,40.5,15.95
481,2004-02-01,0.09732872557239161,8.559185859667917,8.318157471880022,40.5,15.98
482,2004-03-01,0.09722751524390244,8.556921432389098,8.31640833778728,40.5,16.01
483,2004-04-01,0.09748042219952333,8.569903948772678,8.319103521878334,40.5,16.06
484,2004-05-01,0.09752150409682793,8.538788522848034,8.30499468650372,40.5,16.07
485,2004-06-01,0.09720602197206021,8.528321863419798,8.295394388565379,40.5,16.11
486,2004-07-01,0.09703301465211386,8.524590163934427,8.297197250132205,40.5,16.12
487,2004-08-01,0.09721205714130818,8.562367864693446,8.313953488372093,40.5,16.2
488,2004-09-01,0.09722212800596954,8.587987355110641,8.314014752370916,40.5,16.3
489,2004-10-01,0.09697346965011874,8.527253668763102,8.286163522012577,40.5,16.27
490,2004-11-01,0.09655647196987081,8.508085550339072,8.262910798122066,40.5,16.31
491,2004-12-01,0.09648180792792063,8.523735002608243,8.273343766301513,40.5,16.34
492,2005-01-01,0.09631220909416398,8.549060542797495,8.298538622129437,41.3,16.38
493,2005-02-01,0.09619584265724838,8.544698544698544,8.27962577962578,41.3,16.44
494,2005-03-01,0.09615138384403367,8.513723459347489,8.270326255825998,41.3,16.44
495,2005-04-01,0.09567839061010167,8.497676819824472,8.265358802271555,41.3,16.46
496,2005-05-01,0.09550384896255552,8.538223140495868,8.285123966942148,41.3,16.53
497,2005-06-01,0.09533094788190676,8.538977800722767,8.301497160557563,41.3,16.54
498,2005-07-01,0.09519380052465336,8.501795792714212,8.286300667008721,41.3,16.57
499,2005-08-01,0.09480634801941527,8.480367159612442,8.245792962774095,41.3,16.63
500,2005-09-01,0.0945156514664497,8.350100603621732,8.143863179074447,41.3,16.6
501,2005-10-01,0.09459270271531522,8.382722250125566,8.176795580110499,41.3,16.69
502,2005-11-01,0.09451904174857562,8.419989904088844,8.228167592125189,41.3,16.68
503,2005-12-01,0.0945744184496434,8.419989904088844,8.258455325593134,41.3,16.68
504,2006-01-01,0.09458505864965983,8.374310085298545,8.23883592574009,41.7,16.69
505,2006-02-01,0.09431695222416209,8.375125376128384,8.264794383149448,41.7,16.7
506,2006-03-01,0.09422264658882192,8.367551326990487,8.28242363545318,41.7,16.71
507,2006-04-01,0.09426634234926863,8.340807174887892,8.285999003487794,41.7,16.74
508,2006-05-01,0.09399678292700686,8.330849478390462,8.271236959761548,41.7,16.77
509,2006-06-01,0.09388585699750254,8.315163528245789,8.285431119920712,41.7,16.78
510,2006-07-01,0.09370644153339014,8.27008378511582,8.27008378511582,41.7,16.78
511,2006-08-01,0.09329273115558016,8.25809617271835,8.253189401373897,41.7,16.83
512,2006-09-01,0.09310176576861706,8.303747534516765,8.31854043392505,41.7,16.84
513,2006-10-01,0.09252767345650187,8.375433382862802,8.385339276869736,41.7,16.91
514,2006-11-01,0.09208298885870635,8.381188118811881,8.405940594059407,41.7,16.93
515,2006-12-01,0.09172275620040332,8.370260955194485,8.394879369768587,41.7,17.0
516,2007-01-01,0.09144334743770569,8.361310872653451,8.400635086046295,41.1,17.01
517,2007-02-01,0.09146767941535988,8.348594204459765,8.402456102553055,41.1,17.05
518,2007-03-01,0.0912375613357639,8.329761116090566,8.388215580063129,41.1,17.1
519,2007-04-01,0.09144225407550759,8.353407413163417,8.387403838682104,41.1,17.2
520,2007-05-01,0.0911901486867099,8.338371502502962,8.386737926531403,41.1,17.24
521,2007-06-01,0.09084493697767265,8.343225532489841,8.401131088527944,41.1,17.29
522,2007-07-01,0.09069348073229057,8.32839602510561,8.410283088394676,41.1,17.29
523,2007-08-01,0.09048177074809001,8.354721742019676,8.426952765725899,41.1,17.35
524,2007-09-01,0.08984838411096771,8.329057718404005,8.415369197351197,41.1,17.37
525,2007-10-01,0.08980108758804828,8.303456188154309,8.403843395955828,41.1,17.37
526,2007-11-01,0.08938798062859557,8.267167534648113,8.362028894770294,41.1,17.43
527,2007-12-01,0.08926181473251991,8.243278393908582,8.361512450046112,41.1,17.43
528,2008-01-01,0.08903500516022667,8.247947439365804,8.361062147105676,41.1,17.5
529,2008-02-01,0.0890968611091225,8.260965644350618,8.369105775153159,41.1,17.57
530,2008-03-01,0.08868934688255321,8.254937970840674,8.372062516397436,41.1,17.62
531,2008-04-01,0.08837281896871281,8.240551177421917,8.376101934169073,41.1,17.63
532,2008-05-01,0.08784663940428897,8.215307981115943,8.354708003419947,41.1,17.68
533,2008-06-01,0.08744564618664662,8.16230807079825,8.295664089983124,41.1,17.75
534,2008-07-01,0.08687179951964472,8.127260108850495,8.264236402819886,41.1,17.8
535,2008-08-01,0.08631604813729865,8.139375371530477,8.313137317664273,41.1,17.8
536,2008-09-01,0.08583166203014815,8.141558957770803,8.315172448452783,41.1,17.82
537,2008-10-01,0.08482915364549705,8.249037996267194,8.410332035300353,41.1,17.9
538,2008-11-01,0.08423489546621486,8.421181029589073,8.59007379675632,41.1,17.95
539,2008-12-01,0.08303643593805567,8.51001428584944,8.699230834728807,41.1,17.99
540,2009-01-01,0.08139549964334349,8.497968697654448,8.677270646855375,40.9,18.01
541,2009-02-01,0.08005150836687416,8.500035260102019,8.669283749794317,40.9,18.08
542,2009-03-01,0.07912646869911051,8.527259464928587,8.701381208969622,40.9,18.12
543,2009-04-01,0.07777540466898368,8.537485484864298,8.706730791832973,40.9,18.16
544,2009-05-01,0.07657660568540908,8.515552384260781,8.69863206617157,40.9,18.14
545,2009-06-01,0.07570645569947516,8.459425485357793,8.64099818427301,40.9,18.17
546,2009-07-01,0.07542944427903846,8.51783202779356,8.657544964280058,40.9,18.29
547,2009-08-01,0.07525258089393222,8.503330316322032,8.66578477105526,40.9,18.32
548,2009-09-01,0.0752793722818491,8.5286364836631,8.662982196876694,40.9,18.41
549,2009-10-01,0.07495578213598293,8.489254488266077,8.655529331344193,40.9,18.38
550,2009-11-01,0.07472153264274295,8.474732316304078,8.654262224145391,40.9,18.41
551,2009-12-01,0.07488031558803744,8.470326252490256,8.668166572347443,40.9,18.41
552,2010-01-01,0.07458106382424226,8.474030751121902,8.68093871845803,40.2,18.43
553,2010-02-01,0.0744271084102177,8.500513160377574,8.703015910272873,40.2,18.47
554,2010-03-01,0.07430141470828949,8.49309648360041,8.704733774090995,40.2,18.46
555,2010-04-01,0.07421324261748005,8.50954218663036,8.72113080316279,40.2,18.5
556,2010-05-01,0.07470261079491988,8.550784665654195,8.748676883427677,40.2,18.58
557,2010-06-01,0.07505077596083741,8.549763120456355,8.76155046754359,40.2,18.57
558,2010-07-01,0.07512476332381206,8.565979642011904,8.749798947634476,40.2,18.64
559,2010-08-01,0.07488026167205326,8.55347989886336,8.769152407042855,40.2,18.64
560,2010-09-01,0.07500568274070465,8.571755812621692,8.755010880769671,40.2,18.71
561,2010-10-01,0.07516516418784783,8.546579313808294,8.77028785353939,40.2,18.72
562,2010-11-01,0.07507542579075425,8.54319413452343,8.748121499157522,40.2,18.76
563,2010-12-01,0.07535958346892288,8.522624188105517,8.722196015820604,40.2,18.79
564,2011-01-01,0.07572603955292537,8.540284917287181,8.739211617319281,41.2,18.89
565,2011-02-01,0.07595258918897752,8.521933500977926,8.702196504700357,41.2,18.91
566,2011-03-01,0.07601580429793449,8.469105027662456,8.652923612169687,41.2,18.89
567,2011-04-01,0.07612851123138144,8.433998384599251,8.639270302954577,41.2,18.9
568,2011-05-01,0.07621238084689111,8.416145476544221,8.634111189203136,41.2,18.92
569,2011-06-01,0.07636325694833905,8.407248916843855,8.634111189203136,41.2,18.9
570,2011-07-01,0.07651610041229581,8.398589143503626,8.642605204197077,41.2,18.93
571,2011-08-01,0.0764047866805411,8.358911307086055,8.611005457617225,41.2,18.9
572,2011-09-01,0.0762468289961137,8.340798863180005,8.601173007586155,41.2,18.9
573,2011-10-01,0.07639597040809036,8.366041896361631,8.626240352811466,41.2,18.97
574,2011-11-01,0.07625480120419392,8.34620920988339,8.610329754499952,41.2,18.96
575,2011-12-01,0.07651547128153512,8.357428605378855,8.612684455358831,41.2,18.99
576,2012-01-01,0.0765638258593998,8.347890204615478,8.59806357036894,41.2,19.02
577,2012-02-01,0.07655604476598717,8.321325806183182,8.575345225529826,41.2,19.0
578,2012-03-01,0.07676947831649962,8.308312245691784,8.583653472140277,41.2,19.01
579,2012-04-01,0.07698081464945485,8.329442769441547,8.586874473683062,41.2,19.09
580,2012-05-01,0.07689228106879496,8.320471507959757,8.604670482220076,41.2,19.03
581,2012-06-01,0.07684917108902975,8.34923246573664,8.624914669793982,41.2,19.08
582,2012-07-01,0.07708392492965382,8.351196465287195,8.63992300625574,41.2,19.09
583,2012-08-01,0.07715022324457396,8.285562678868118,8.585669673535781,41.2,19.05
584,2012-09-01,0.07691415313225058,8.250546501309438,8.56654329805424,41.2,19.06
585,2012-10-01,0.07676433907196215,8.241307557481933,8.543503224859478,41.2,19.09
586,2012-11-01,0.0768002678031132,8.268143862243729,8.579496559985124,41.2,19.12
587,2012-12-01,0.07671498702033053,8.269145103602183,8.606484705108965,41.2,19.12
588,2013-01-01,0.07679615826608373,8.26574700339694,8.602419727295093,40.9,19.15
589,2013-02-01,0.07709642526012156,8.251158038439577,8.581719520728779,40.9,19.22
590,2013-03-01,0.07726847521047708,8.265814828527393,8.614528891605893,40.9,19.2
591,2013-04-01,0.07708148319754946,8.29605214907872,8.645495843345685,40.9,19.23
592,2013-05-01,0.07701110996811028,8.292617715929328,8.64622907979111,40.9,19.23
593,2013-06-01,0.07693147307526854,8.290133149777366,8.660113145045065,40.9,19.27
594,2013-07-01,0.07687710075257553,8.269643623872907,8.647488192357235,40.9,19.26
595,2013-08-01,0.07706693229652004,8.27136591049277,8.639743677609486,40.9,19.31
596,2013-09-01,0.07714195790271507,8.281094782995924,8.662179289555715,40.9,19.34
597,2013-10-01,0.07779638333775125,8.280944412823267,8.666104618070861,40.9,19.35
598,2013-11-01,0.07763501111003768,8.287056813327636,8.67577958137548,40.9,19.4
599,2013-12-01,0.07771519892771069,8.286504288106203,8.665681091006693,40.9,19.45
600,2014-01-01,0.07761728204335959,8.26646492808813,8.6659753153582,41.7,19.45
601,2014-02-01,0.0777191075551668,8.26586626023681,8.70739173073739,41.7,19.47
602,2014-03-01,0.07752454687620171,8.27020522988798,8.685410205568832,41.7,19.52
603,2014-04-01,0.077937040207506,8.237901111355448,8.673478018167364,41.7,19.48
604,2014-05-01,0.07785000385396058,8.23491672224145,8.665445428376064,41.7,19.51
605,2014-06-01,0.07800548466029145,8.236697564820785,8.683519438859172,41.7,19.54
606,2014-07-01,0.07797727025069388,8.244279951831173,8.677967814465806,41.7,19.58
607,2014-08-01,0.07802472298725421,8.254021729975575,8.7004127010865,41.7,19.6
608,2014-09-01,0.07819148936170213,8.249219924455842,8.699789874387836,41.7,19.59
609,2014-10-01,0.07820761170461012,8.27191172134945,8.718359095312302,41.7,19.64
610,2014-11-01,0.07834166166114995,8.287514294274272,8.764341746032416,41.7,19.64
611,2014-12-01,0.07846122354988103,8.304691600494388,8.76606335607741,41.7,19.62
612,2015-01-01,0.07810609437687066,8.36219419204505,8.860603117398732,41.5,19.63
613,2015-02-01,0.07836240136870866,8.375045678204485,8.855197967213671,41.5,19.71
614,2015-03-01,0.07843312500398997,8.373732921992067,8.861070617350917,41.5,19.76
615,2015-04-01,0.07825671717814847,8.37771249079256,8.856076064041453,41.5,19.79
616,2015-05-01,0.07805849629878656,8.37127269505192,8.852283323699057,41.5,19.84
617,2015-06-01,0.07835759126968968,8.373412102315521,8.836264027569143,41.5,19.9
618,2015-07-01,0.0784919457059689,8.376954552710957,8.834872329163062,41.5,19.94
619,2015-08-01,0.0783727381467437,8.389593039620555,8.868518230665497,41.5,19.97
620,2015-09-01,0.07864329783772403,8.446386916942458,8.880074779577091,41.5,20.06
621,2015-10-01,0.0784770339829608,8.433831230834592,8.913360787101498,41.5,20.05
622,2015-11-01,0.07829775883858431,8.419566669607633,8.911128196725445,41.5,20.04
623,2015-12-01,0.07803967475559212,8.453867539251602,8.92913471931898,41.5,20.1
624,2016-01-01,0.07805155420773313,8.478784104488916,8.96689276757612,41.3,20.15
625,2016-02-01,0.0777672718103883,8.506926888461926,8.987258570128425,41.3,20.19
626,2016-03-01,0.07735316844558641,8.509744623655914,8.984375,41.3,20.26
627,2016-04-01,0.07744704381648979,8.527482091450759,8.979380062930979,41.3,20.38
628,2016-05-01,0.07748261789600967,8.519892969105475,8.96655075827465,41.3,20.41
629,2016-06-01,0.07750665232406725,8.52128447852403,8.958380165014027,41.3,20.47
630,2016-07-01,0.07752804753948013,8.533908646777814,8.987884265371655,41.3,20.49
631,2016-08-01,0.07720509895839861,8.543100043650877,8.979608805005302,41.3,20.55
632,2016-09-01,0.0771191003919506,8.52074833316748,8.96440773542973,41.3,20.55
633,2016-10-01,0.07716550233388678,8.513243512685062,8.980685940738228,41.3,20.58
634,2016-11-01,0.0771820495780723,8.503218662457751,8.970110649269087,41.3,20.58
635,2016-12-01,0.07718032540487732,8.49829168675841,8.96812934548317,41.3,20.62
636,2017-01-01,0.07727101866933968,8.464070799366223,8.956645239678513,41.4,20.62
637,2017-02-01,0.0772555814811803,8.45471013007877,8.954697835299132,41.4,20.63
638,2017-03-01,0.0771901559289858,8.479162908172471,8.971183966673774,41.4,20.68
639,2017-04-01,0.077127443948985,8.49737707469092,8.984696531022593,41.4,20.75
640,2017-05-01,0.07732338756028688,8.520352125374995,9.003950754905658,41.4,20.79
641,2017-06-01,0.07734468637634838,8.535281758497398,9.018565466512124,41.4,20.84
642,2017-07-01,0.0772145430070671,8.565240354892465,9.036082917422403,41.4,20.92
643,2017-08-01,0.0774351437858842,8.540559500454762,9.013675499524846,41.4,20.94
644,2017-09-01,0.07721856770510116,8.52557469515288,9.000344918538357,41.4,21.01
645,2017-10-01,0.07770617993999089,8.543300381954863,8.993374583377259,41.4,21.07
646,2017-11-01,0.07766893553951637,8.532699244593262,8.98561977321622,41.4,21.1
647,2017-12-01,0.07787086928084218,8.559149331127298,8.994975888299267,41.4,21.21
648,2018-01-01,0.07784903737400102,8.55102688671095,8.98500757457034,41.8,21.28
649,2018-02-01,0.07758162420106565,8.544097078896641,8.980920053380569,41.8,21.32
650,2018-03-01,0.07778038914933884,8.566494508708734,9.011247029974717,41.8,21.38
651,2018-04-01,0.07785697065605084,8.576212798778709,9.011817269918913,41.8,21.46
652,2018-05-01,0.07799293163956304,8.540942294810042,9.011451720948036,41.8,21.42
653,2018-06-01,0.07802231674989211,8.553171485710187,9.027241074345266,41.8,21.47
654,2018-07-01,0.07808255462267696,8.538536864983639,9.036120598374294,41.8,21.45
655,2018-08-01,0.07848571075095881,8.563038666788522,9.051787509486893,41.8,21.55
656,2018-09-01,0.07841467853683516,8.565242562910914,9.064881712414051,41.8,21.6
657,2018-10-01,0.07829546992041918,8.576899340116785,9.05559160033548,41.8,21.68
658,2018-11-01,0.07824436856714731,8.622532601724506,9.105521112932216,41.8,21.78
659,2018-12-01,0.07818952734580836,8.632455977243865,9.142807407612544,41.8,21.82
660,2019-01-01,0.07848407307180158,8.647415871809185,9.158183567534179,41.9,21.84
661,2019-02-01,0.07841765900404297,8.653121163434248,9.154465318432491,41.9,21.92
662,2019-03-01,0.07850022098904877,8.636251017591052,9.159302650259363,41.9,21.96
663,2019-04-01,0.07863530685298857,8.599985111643086,9.140667546908118,41.9,21.95
664,2019-05-01,0.07851257442350584,8.633116069190274,9.165831035347205,41.9,22.04
665,2019-06-01,0.07836708178074132,8.671188379902278,9.200158299146203,41.9,22.13
666,2019-07-01,0.07818326303563787,8.662950250584437,9.198520730877789,41.9,22.16
667,2019-08-01,0.07808931820679717,8.670655689043729,9.22135949632083,41.9,22.2
668,2019-09-01,0.07792579772322843,8.66513278477557,9.234488944351286,41.9,22.22
669,2019-10-01,0.07744380108991826,8.664035309443722,9.23567498201474,41.9,22.28
670,2019-11-01,0.07767362124306974,8.678488748599149,9.240767957065135,41.9,22.38
671,2019-12-01,0.07747466590568249,8.680354173916406,9.221668019951283,41.9,22.45
672,2020-01-01,0.07753517827919965,8.663705441733203,9.227135728812511,40.0,22.45
673,2020-02-01,0.07748058881112928,8.682738669238187,9.269045323047251,40.0,22.51
674,2020-03-01,0.07802705479241383,8.753235481021093,9.346084099257583,40.0,22.59
675,2020-04-01,0.07283594314931305,8.873890763654543,9.819085114360705,40.0,22.72
676,2020-05-01,0.07343407062573924,8.897506665311452,9.765365399801409,40.0,22.76
677,2020-06-01,0.07469030088628324,8.79233743901775,9.64044786455132,40.0,22.6
678,2020-07-01,0.07476956510878525,8.829039450052642,9.55672880411222,40.0,22.81
679,2020-08-01,0.07466429380359166,8.815499236452823,9.56362121889895,40.0,22.86
680,2020-09-01,0.07527438910185173,8.83856352188679,9.546263995353792,40.0,22.98
681,2020-10-01,0.07506692421880337,8.827630714623211,9.542138683691931,40.0,22.98
682,2020-11-01,0.07544092287195961,8.857426478760956,9.558815074872275,40.0,23.11
683,2020-12-01,0.07560421786058664,8.838176649048828,9.601404338949417,40.0,23.16
684,2021-01-01,0.07584910139242008,8.843224065142165,9.577938763623628,39.7,23.23
685,2021-02-01,0.07595726623733214,8.866411967569496,9.579670611088137,39.7,23.37
686,2021-03-01,0.0762221155704037,8.82016598669238,9.559897494348224,39.7,23.37
687,2021-04-01,0.07582758599245021,8.791736367932668,9.571890448363552,39.7,23.44
688,2021-05-01,0.07596731465243835,8.804581512241834,9.56841528710835,39.7,23.63
689,2021-06-01,0.07597300281634223,8.786125459073208,9.539855313425997,39.7,23.78
690,2021-07-01,0.07617166946261986,8.782543774802043,9.551200244204734,39.7,23.88
691,2021-08-01,0.07647637856209798,8.812656779474542,9.57913421056492,39.7,24.03
692,2021-09-01,0.07675870526589616,8.794859625424408,9.601693987076047,39.7,24.09
693,2021-10-01,0.07699584508087254,8.739830048815767,9.56427409148436,39.7,24.17
694,2021-11-01,0.07703259924927423,8.683524607502537,9.522477851992871,39.7,24.22
695,2021-12-01,0.0771669149237379,8.680945005252006,9.528387544731078,39.7,24.38
696,2022-01-01,0.07679049470094246,8.674785784818596,9.524214013442203,41.7,24.51
697,2022-02-01,0.07684567441973923,8.63268892794376,9.479789103690685,41.7,24.56
698,2022-03-01,0.07715299718148669,8.596536357126471,9.420385575338752,41.7,24.73
699,2022-04-01,0.07767002142242457,8.604766409875209,9.453806994015132,41.7,24.83
700,2022-05-01,0.07747669919451002,8.568544926501383,9.406175119636934,41.7,24.96
701,2022-06-01,0.0778195649126229,8.452079455649468,9.330173550720952,41.7,24.93
702,2022-07-01,0.07801262829420512,8.497421273392492,9.379037207583254,41.7,25.06
703,2022-08-01,0.0779335936788276,8.519232659091756,9.403687601026103,41.7,25.14
704,2022-09-01,0.07808046864080796,8.520359441064421,9.404452183067939,41.7,25.25
705,2022-10-01,0.07825902077511845,8.523289721382383,9.39239682289342,41.7,25.4
706,2022-11-01,0.07844186810379436,8.557964563266017,9.408071328643244,41.7,25.57
707,2022-12-01,0.07815956795548633,8.593457193339402,9.443433099534186,41.7,25.68
708,2023-01-01,0.07775561487980813,8.594634178816325,9.423473803341988,41.8,25.82
709,2023-02-01,0.07749199425629194,8.551998673080114,9.427765798639907,41.8,25.78
710,2023-03-01,0.07730929115154132,8.584558397195687,9.46256224715974,41.8,25.91
711,2023-04-01,0.07730059877365396,8.59845795704073,9.476795060179297,41.8,26.04
712,2023-05-01,0.07710789953024638,8.610970085780032,9.487891235403879,41.8,26.12
713,2023-06-01,0.07711520262581008,8.66407468077128,9.502851842349365,41.8,26.34
714,2023-07-01,0.07694010253097165,8.679979908669804,9.523684461063201,41.8,26.44
715,2023-08-01,0.07666309012875537,8.651276455328965,9.49418783201887,41.8,26.48
716,2023-09-01,0.07674467133700999,8.66322133847095,9.49634855960114,41.8,26.62
717,2023-10-01,0.07656521194553295,8.664396027247673,9.509385887369351,41.8,26.66
718,2023-11-01,0.07650068415729669,8.713345535262276,9.531134389968457,41.8,26.85
719,2023-12-01,0.07689918034745621,8.793778604072669,9.545217512413318,41.8,27.15
720,2024-01-01,0.07695388146412604,8.773062790202069,9.560927096720032,41.8,27.17
