observation_date,NYMFG
1990-01-01,1009.7
1990-02-01,1007.3
1990-03-01,1005.4
1990-04-01,995.8
1990-05-01,994.6
1990-06-01,989.3
1990-07-01,982.2
1990-08-01,972.6
1990-09-01,969.9
1990-10-01,962.7
1990-11-01,949.5
1990-12-01,945.1
1991-01-01,928.5
1991-02-01,922.2
1991-03-01,915.1
1991-04-01,920.4
1991-05-01,914.1
1991-06-01,910.0
1991-07-01,905.0
1991-08-01,902.9
1991-09-01,901.0
1991-10-01,900.1
1991-11-01,896.7
1991-12-01,887.7
1992-01-01,884.6
1992-02-01,879.5
1992-03-01,875.3
1992-04-01,874.9
1992-05-01,873.0
1992-06-01,869.1
1992-07-01,869.2
1992-08-01,865.4
1992-09-01,860.6
1992-10-01,858.1
1992-11-01,855.7
1992-12-01,854.1
1993-01-01,850.8
1993-02-01,850.2
1993-03-01,845.9
1993-04-01,838.6
1993-05-01,839.7
1993-06-01,835.4
1993-07-01,831.1
1993-08-01,828.8
1993-09-01,827.7
1993-10-01,825.1
1993-11-01,823.5
1993-12-01,822.2
1994-01-01,820.1
1994-02-01,817.0
1994-03-01,815.8
1994-04-01,816.1
1994-05-01,814.2
1994-06-01,813.0
1994-07-01,814.1
1994-08-01,813.4
1994-09-01,812.3
1994-10-01,813.1
1994-11-01,813.2
1994-12-01,812.9
1995-01-01,811.5
1995-02-01,812.7
1995-03-01,812.0
1995-04-01,811.5
1995-05-01,811.3
1995-06-01,809.5
1995-07-01,807.9
1995-08-01,812.3
1995-09-01,810.6
1995-10-01,805.3
1995-11-01,804.8
1995-12-01,803.8
1996-01-01,798.8
1996-02-01,799.0
1996-03-01,798.1
1996-04-01,793.2
1996-05-01,794.0
1996-06-01,794.5
1996-07-01,795.5
1996-08-01,796.7
1996-09-01,796.4
1996-10-01,796.3
1996-11-01,794.9
1996-12-01,794.9
1997-01-01,795.8
1997-02-01,794.5
1997-03-01,795.6
1997-04-01,796.5
1997-05-01,795.1
1997-06-01,792.6
1997-07-01,795.0
1997-08-01,795.6
1997-09-01,796.3
1997-10-01,799.5
1997-11-01,799.5
1997-12-01,800.3
1998-01-01,799.5
1998-02-01,799.5
1998-03-01,798.1
1998-04-01,796.6
1998-05-01,795.3
1998-06-01,795.0
1998-07-01,782.2
1998-08-01,789.5
1998-09-01,789.7
1998-10-01,785.1
1998-11-01,783.4
1998-12-01,780.2
1999-01-01,780.9
1999-02-01,778.3
1999-03-01,775.0
1999-04-01,775.7
1999-05-01,774.4
1999-06-01,772.1
1999-07-01,769.8
1999-08-01,768.5
1999-09-01,766.8
1999-10-01,769.1
1999-11-01,770.0
1999-12-01,769.5
2000-01-01,764.8
2000-02-01,761.4
2000-03-01,757.4
2000-04-01,755.8
2000-05-01,752.3
2000-06-01,751.2
2000-07-01,749.2
2000-08-01,747.8
2000-09-01,745.9
2000-10-01,744.6
2000-11-01,740.9
2000-12-01,738.6
2001-01-01,740.5
2001-02-01,736.4
2001-03-01,731.7
2001-04-01,723.2
2001-05-01,716.4
2001-06-01,712.6
2001-07-01,706.3
2001-08-01,698.9
2001-09-01,692.2
2001-10-01,684.9
2001-11-01,678.7
2001-12-01,673.9
2002-01-01,668.7
2002-02-01,664.0
2002-03-01,661.5
2002-04-01,660.4
2002-05-01,657.4
2002-06-01,653.3
2002-07-01,649.9
2002-08-01,647.7
2002-09-01,643.5
2002-10-01,642.0
2002-11-01,639.2
2002-12-01,634.8
2003-01-01,632.0
2003-02-01,628.0
2003-03-01,625.4
2003-04-01,619.8
2003-05-01,615.8
2003-06-01,612.6
2003-07-01,606.2
2003-08-01,605.3
2003-09-01,604.2
2003-10-01,602.6
2003-11-01,602.1
2003-12-01,599.2
2004-01-01,601.3
2004-02-01,601.3
2004-03-01,601.2
2004-04-01,597.7
2004-05-01,597.2
2004-06-01,596.8
2004-07-01,593.7
2004-08-01,595.4
2004-09-01,593.9
2004-10-01,593.2
2004-11-01,592.1
2004-12-01,590.8
2005-01-01,588.3
2005-02-01,586.1
2005-03-01,585.0
2005-04-01,583.9
2005-05-01,581.2
2005-06-01,579.7
2005-07-01,579.2
2005-08-01,578.1
2005-09-01,576.4
2005-10-01,574.6
2005-11-01,573.1
2005-12-01,571.9
2006-01-01,573.1
2006-02-01,571.6
2006-03-01,570.1
2006-04-01,571.2
2006-05-01,569.5
2006-06-01,569.2
2006-07-01,566.1
2006-08-01,565.0
2006-09-01,563.4
2006-10-01,561.6
2006-11-01,561.1
2006-12-01,558.9
2007-01-01,560.1
2007-02-01,558.7
2007-03-01,557.7
2007-04-01,555.9
2007-05-01,554.9
2007-06-01,552.9
2007-07-01,551.6
2007-08-01,549.1
2007-09-01,546.8
2007-10-01,545.8
2007-11-01,545.0
2007-12-01,543.7
2008-01-01,542.7
2008-02-01,541.1
2008-03-01,539.7
2008-04-01,538.7
2008-05-01,536.9
2008-06-01,535.8
2008-07-01,533.9
2008-08-01,531.4
2008-09-01,528.5
2008-10-01,524.5
2008-11-01,519.5
2008-12-01,513.1
2009-01-01,505.5
2009-02-01,497.7
2009-03-01,491.0
2009-04-01,484.1
2009-05-01,478.8
2009-06-01,472.8
2009-07-01,468.6
2009-08-01,466.8
2009-09-01,464.8
2009-10-01,462.4
2009-11-01,460.3
2009-12-01,459.4
2010-01-01,458.5
2010-02-01,458.8
2010-03-01,458.6
2010-04-01,458.1
2010-05-01,457.8
2010-06-01,456.8
2010-07-01,456.3
2010-08-01,456.1
2010-09-01,456.2
2010-10-01,456.4
2010-11-01,456.9
2010-12-01,456.9
2011-01-01,457.5
2011-02-01,458.0
2011-03-01,458.0
2011-04-01,459.6
2011-05-01,459.3
2011-06-01,458.9
2011-07-01,459.9
2011-08-01,460.1
2011-09-01,459.5
2011-10-01,458.4
2011-11-01,459.0
2011-12-01,459.2
2012-01-01,460.3
2012-02-01,460.6
2012-03-01,461.2
2012-04-01,460.2
2012-05-01,460.5
2012-06-01,460.4
2012-07-01,460.7
2012-08-01,459.6
2012-09-01,460.1
2012-10-01,459.4
2012-11-01,457.6
2012-12-01,458.1
2013-01-01,458.2
2013-02-01,457.4
2013-03-01,457.5
2013-04-01,458.3
2013-05-01,457.5
2013-06-01,456.9
2013-07-01,456.4
2013-08-01,456.6
2013-09-01,456.6
2013-10-01,456.5
2013-11-01,457.0
2013-12-01,456.8
2014-01-01,455.5
2014-02-01,455.2
2014-03-01,454.3
2014-04-01,454.7
2014-05-01,454.5
2014-06-01,454.8
2014-07-01,454.4
2014-08-01,454.6
2014-09-01,454.5
2014-10-01,454.5
2014-11-01,454.8
2014-12-01,455.1
2015-01-01,455.2
2015-02-01,455.4
2015-03-01,455.8
2015-04-01,455.9
2015-05-01,456.4
2015-06-01,456.4
2015-07-01,456.7
2015-08-01,457.1
2015-09-01,456.7
2015-10-01,457.2
2015-11-01,456.5
2015-12-01,456.6
2016-01-01,456.4
2016-02-01,456.5
2016-03-01,455.7
2016-04-01,454.1
2016-05-01,453.1
2016-06-01,452.3
2016-07-01,452.7
2016-08-01,451.8
2016-09-01,451.9
2016-10-01,451.5
2016-11-01,449.8
2016-12-01,449.7
2017-01-01,449.0
2017-02-01,448.6
2017-03-01,448.4
2017-04-01,447.7
2017-05-01,447.3
2017-06-01,447.0
2017-07-01,446.1
2017-08-01,446.0
2017-09-01,446.3
2017-10-01,445.7
2017-11-01,445.5
2017-12-01,445.3
2018-01-01,444.2
2018-02-01,444.3
2018-03-01,443.9
2018-04-01,444.1
2018-05-01,444.3
2018-06-01,444.3
2018-07-01,444.9
2018-08-01,444.9
2018-09-01,444.4
2018-10-01,444.8
2018-11-01,444.7
2018-12-01,444.3
2019-01-01,444.2
2019-02-01,443.7
2019-03-01,442.4
2019-04-01,443.1
2019-05-01,442.9
2019-06-01,442.0
2019-07-01,440.6
2019-08-01,440.0
2019-09-01,439.5
2019-10-01,434.9
2019-11-01,437.3
2019-12-01,436.4
2020-01-01,436.6
2020-02-01,435.5
2020-03-01,432.3
2020-04-01,352.0
2020-05-01,369.9
2020-06-01,390.4
2020-07-01,393.5
2020-08-01,398.2
2020-09-01,401.6
2020-10-01,403.4
2020-11-01,404.0
2020-12-01,404.6
2021-01-01,404.9
2021-02-01,404.5
2021-03-01,405.8
2021-04-01,405.7
2021-05-01,406.0
2021-06-01,406.3
2021-07-01,407.6
2021-08-01,408.1
2021-09-01,410.3
2021-10-01,415.3
2021-11-01,417.3
2021-12-01,418.8
2022-01-01,418.7
2022-02-01,421.4
2022-03-01,422.0
2022-04-01,423.7
2022-05-01,424.0
2022-06-01,423.6
2022-07-01,423.8
2022-08-01,424.2
2022-09-01,423.3
2022-10-01,423.7
2022-11-01,424.5
2022-12-01,423.6
2023-01-01,425.5
2023-02-01,424.5
2023-03-01,423.3
2023-04-01,421.6
2023-05-01,422.0
2023-06-01,422.3
2023-07-01,421.2
2023-08-01,420.4
2023-09-01,420.5
2023-10-01,418.8
2023-11-01,417.6
2023-12-01,417.8
2024-01-01,418.1
2024-02-01,417.5
2024-03-01,417.4
2024-04-01,416.7
2024-05-01,415.4
2024-06-01,415.0
2024-07-01,414.5
2024-08-01,412.8
2024-09-01,413.0
2024-10-01,411.8
2024-11-01,411.7
2024-12-01,411.0
2025-01-01,409.6
2025-02-01,409.2
2025-03-01,408.7
2025-04-01,406.2
2025-05-01,406.5
2025-06-01,405.1
2025-07-01,404.3
2025-08-01,403.9
2025-09-01,403.2
2025-10-01,398.4
2025-11-01,398.8
2025-12-01,399.5
2026-01-01,399.5
2026-02-01,397.3
2026-03-01,396.9
