observation_date,WIMFG
1990-01-01,524.5
1990-02-01,527.9
1990-03-01,526.8
1990-04-01,525.1
1990-05-01,525.3
1990-06-01,525.5
1990-07-01,523.5
1990-08-01,524.4
1990-09-01,523.8
1990-10-01,524.0
1990-11-01,521.4
1990-12-01,519.0
1991-01-01,516.9
1991-02-01,514.4
1991-03-01,512.0
1991-04-01,512.6
1991-05-01,512.2
1991-06-01,515.1
1991-07-01,514.8
1991-08-01,514.7
1991-09-01,515.4
1991-10-01,514.4
1991-11-01,514.2
1991-12-01,512.6
1992-01-01,514.7
1992-02-01,514.6
1992-03-01,514.3
1992-04-01,516.3
1992-05-01,517.1
1992-06-01,516.9
1992-07-01,520.5
1992-08-01,519.3
1992-09-01,520.4
1992-10-01,521.4
1992-11-01,521.7
1992-12-01,522.1
1993-01-01,524.1
1993-02-01,526.8
1993-03-01,527.5
1993-04-01,526.8
1993-05-01,527.5
1993-06-01,526.7
1993-07-01,525.3
1993-08-01,525.6
1993-09-01,526.8
1993-10-01,530.5
1993-11-01,530.8
1993-12-01,532.5
1994-01-01,533.5
1994-02-01,534.9
1994-03-01,536.5
1994-04-01,541.6
1994-05-01,543.2
1994-06-01,546.5
1994-07-01,549.9
1994-08-01,550.2
1994-09-01,553.9
1994-10-01,556.5
1994-11-01,560.1
1994-12-01,562.3
1995-01-01,566.5
1995-02-01,569.2
1995-03-01,565.6
1995-04-01,568.7
1995-05-01,567.3
1995-06-01,568.8
1995-07-01,567.9
1995-08-01,570.1
1995-09-01,569.3
1995-10-01,568.1
1995-11-01,567.9
1995-12-01,567.5
1996-01-01,565.6
1996-02-01,565.3
1996-03-01,564.9
1996-04-01,570.4
1996-05-01,570.1
1996-06-01,569.6
1996-07-01,567.3
1996-08-01,571.3
1996-09-01,570.1
1996-10-01,571.6
1996-11-01,571.7
1996-12-01,571.0
1997-01-01,568.9
1997-02-01,570.7
1997-03-01,571.4
1997-04-01,577.8
1997-05-01,581.5
1997-06-01,582.3
1997-07-01,582.2
1997-08-01,583.3
1997-09-01,585.1
1997-10-01,586.7
1997-11-01,588.4
1997-12-01,590.2
1998-01-01,591.7
1998-02-01,592.3
1998-03-01,592.9
1998-04-01,596.0
1998-05-01,596.3
1998-06-01,596.2
1998-07-01,591.9
1998-08-01,596.1
1998-09-01,594.8
1998-10-01,595.4
1998-11-01,596.3
1998-12-01,596.9
1999-01-01,594.4
1999-02-01,595.6
1999-03-01,595.7
1999-04-01,595.3
1999-05-01,594.8
1999-06-01,594.9
1999-07-01,598.7
1999-08-01,598.3
1999-09-01,597.6
1999-10-01,595.9
1999-11-01,595.8
1999-12-01,598.9
2000-01-01,598.0
2000-02-01,599.4
2000-03-01,600.0
2000-04-01,598.4
2000-05-01,596.8
2000-06-01,598.0
2000-07-01,596.0
2000-08-01,594.2
2000-09-01,594.0
2000-10-01,593.6
2000-11-01,592.5
2000-12-01,589.0
2001-01-01,584.4
2001-02-01,580.0
2001-03-01,576.5
2001-04-01,572.6
2001-05-01,567.7
2001-06-01,563.3
2001-07-01,560.0
2001-08-01,556.2
2001-09-01,553.2
2001-10-01,547.8
2001-11-01,543.3
2001-12-01,540.4
2002-01-01,538.8
2002-02-01,535.2
2002-03-01,534.5
2002-04-01,532.5
2002-05-01,531.5
2002-06-01,530.3
2002-07-01,528.4
2002-08-01,528.4
2002-09-01,527.7
2002-10-01,526.3
2002-11-01,525.8
2002-12-01,523.4
2003-01-01,516.1
2003-02-01,514.0
2003-03-01,511.9
2003-04-01,510.5
2003-05-01,508.4
2003-06-01,504.9
2003-07-01,503.5
2003-08-01,501.2
2003-09-01,501.3
2003-10-01,500.8
2003-11-01,500.3
2003-12-01,499.8
2004-01-01,500.3
2004-02-01,501.7
2004-03-01,502.4
2004-04-01,504.0
2004-05-01,505.0
2004-06-01,502.7
2004-07-01,506.2
2004-08-01,506.5
2004-09-01,506.7
2004-10-01,506.8
2004-11-01,507.1
2004-12-01,508.0
2005-01-01,503.7
2005-02-01,507.5
2005-03-01,507.7
2005-04-01,507.9
2005-05-01,507.2
2005-06-01,507.0
2005-07-01,507.4
2005-08-01,507.3
2005-09-01,506.9
2005-10-01,506.9
2005-11-01,506.9
2005-12-01,507.2
2006-01-01,508.0
2006-02-01,507.8
2006-03-01,508.4
2006-04-01,508.9
2006-05-01,508.7
2006-06-01,509.7
2006-07-01,509.0
2006-08-01,508.5
2006-09-01,508.1
2006-10-01,507.3
2006-11-01,506.4
2006-12-01,505.8
2007-01-01,505.3
2007-02-01,505.4
2007-03-01,504.2
2007-04-01,504.9
2007-05-01,505.4
2007-06-01,506.0
2007-07-01,504.6
2007-08-01,503.5
2007-09-01,502.4
2007-10-01,500.9
2007-11-01,501.1
2007-12-01,501.3
2008-01-01,502.1
2008-02-01,502.8
2008-03-01,502.2
2008-04-01,501.4
2008-05-01,499.8
2008-06-01,499.6
2008-07-01,496.3
2008-08-01,493.8
2008-09-01,491.6
2008-10-01,489.3
2008-11-01,485.4
2008-12-01,480.3
2009-01-01,470.8
2009-02-01,461.6
2009-03-01,453.3
2009-04-01,443.5
2009-05-01,438.1
2009-06-01,432.0
2009-07-01,427.9
2009-08-01,427.1
2009-09-01,429.8
2009-10-01,428.1
2009-11-01,427.3
2009-12-01,427.1
2010-01-01,426.2
2010-02-01,427.6
2010-03-01,429.3
2010-04-01,430.4
2010-05-01,432.0
2010-06-01,432.9
2010-07-01,434.4
2010-08-01,435.3
2010-09-01,436.3
2010-10-01,436.2
2010-11-01,437.6
2010-12-01,438.1
2011-01-01,440.4
2011-02-01,442.1
2011-03-01,443.6
2011-04-01,446.0
2011-05-01,447.4
2011-06-01,447.5
2011-07-01,449.1
2011-08-01,449.7
2011-09-01,450.2
2011-10-01,450.2
2011-11-01,451.5
2011-12-01,452.3
2012-01-01,454.3
2012-02-01,455.4
2012-03-01,456.4
2012-04-01,457.5
2012-05-01,457.8
2012-06-01,458.9
2012-07-01,459.5
2012-08-01,459.6
2012-09-01,459.7
2012-10-01,460.1
2012-11-01,460.0
2012-12-01,460.5
2013-01-01,460.3
2013-02-01,460.4
2013-03-01,460.0
2013-04-01,459.2
2013-05-01,459.1
2013-06-01,459.3
2013-07-01,458.5
2013-08-01,459.5
2013-09-01,460.1
2013-10-01,461.1
2013-11-01,462.0
2013-12-01,462.4
2014-01-01,462.9
2014-02-01,463.3
2014-03-01,464.0
2014-04-01,465.8
2014-05-01,466.9
2014-06-01,466.5
2014-07-01,468.7
2014-08-01,469.3
2014-09-01,469.6
2014-10-01,469.9
2014-11-01,470.3
2014-12-01,471.1
2015-01-01,470.4
2015-02-01,471.0
2015-03-01,471.0
2015-04-01,470.0
2015-05-01,469.9
2015-06-01,469.7
2015-07-01,470.0
2015-08-01,469.9
2015-09-01,470.2
2015-10-01,469.5
2015-11-01,469.4
2015-12-01,469.4
2016-01-01,468.8
2016-02-01,468.0
2016-03-01,468.0
2016-04-01,468.1
2016-05-01,467.7
2016-06-01,467.5
2016-07-01,467.4
2016-08-01,467.2
2016-09-01,467.4
2016-10-01,467.4
2016-11-01,467.4
2016-12-01,467.6
2017-01-01,467.7
2017-02-01,468.1
2017-03-01,469.6
2017-04-01,469.8
2017-05-01,469.7
2017-06-01,471.1
2017-07-01,470.2
2017-08-01,470.6
2017-09-01,470.9
2017-10-01,471.9
2017-11-01,472.7
2017-12-01,473.6
2018-01-01,474.7
2018-02-01,475.9
2018-03-01,476.5
2018-04-01,476.9
2018-05-01,478.1
2018-06-01,479.2
2018-07-01,480.1
2018-08-01,481.0
2018-09-01,481.6
2018-10-01,482.6
2018-11-01,483.7
2018-12-01,484.3
2019-01-01,485.0
2019-02-01,484.5
2019-03-01,484.5
2019-04-01,484.5
2019-05-01,484.8
2019-06-01,484.9
2019-07-01,484.5
2019-08-01,483.4
2019-09-01,482.6
2019-10-01,481.7
2019-11-01,480.6
2019-12-01,479.5
2020-01-01,478.6
2020-02-01,477.5
2020-03-01,476.9
2020-04-01,438.9
2020-05-01,446.4
2020-06-01,451.3
2020-07-01,449.8
2020-08-01,452.5
2020-09-01,456.9
2020-10-01,458.4
2020-11-01,459.0
2020-12-01,461.6
2021-01-01,461.5
2021-02-01,461.4
2021-03-01,463.2
2021-04-01,463.8
2021-05-01,465.2
2021-06-01,465.7
2021-07-01,467.0
2021-08-01,468.2
2021-09-01,469.6
2021-10-01,472.6
2021-11-01,474.2
2021-12-01,474.6
2022-01-01,475.4
2022-02-01,477.6
2022-03-01,478.5
2022-04-01,480.2
2022-05-01,481.3
2022-06-01,481.4
2022-07-01,483.9
2022-08-01,484.1
2022-09-01,484.2
2022-10-01,484.3
2022-11-01,484.2
2022-12-01,483.7
2023-01-01,483.2
2023-02-01,482.5
2023-03-01,481.5
2023-04-01,479.5
2023-05-01,478.4
2023-06-01,478.1
2023-07-01,477.0
2023-08-01,476.9
2023-09-01,477.1
2023-10-01,475.0
2023-11-01,473.9
2023-12-01,473.1
2024-01-01,471.7
2024-02-01,470.7
2024-03-01,470.0
2024-04-01,468.7
2024-05-01,468.3
2024-06-01,467.4
2024-07-01,465.6
2024-08-01,463.8
2024-09-01,464.1
2024-10-01,463.0
2024-11-01,462.3
2024-12-01,461.2
2025-01-01,461.1
2025-02-01,460.1
2025-03-01,458.8
2025-04-01,460.1
2025-05-01,459.4
2025-06-01,458.6
2025-07-01,458.5
2025-08-01,457.2
2025-09-01,456.2
2025-10-01,455.7
2025-11-01,454.8
2025-12-01,454.6
2026-01-01,451.6
2026-02-01,451.8
2026-03-01,453.6
